URL1,NAME1,URL2,NAME2,URL3,NAME3,URL4,NAME4,URL5,NAME5
https://drive.google.com/file/d/1YUOZfAp4GEYR2-Fyonvks_3i950eF5Eh/preview,tpgmm_envC_initD_user2.avi,https://drive.google.com/file/d/1Rct839msKTt7h7QjZlHJaJ-Br2pV09bn/preview,promp_envC_initB_user1.avi,https://drive.google.com/file/d/18UOQDE1_bAvHwrnzsvemPvKdTYsJfc0G/preview,tpgmm_envC_initB_user2_g.avi, https://drive.google.com/file/d/1oUhjNcC4TSNcKTshZyRiXJ9AWXBhA5ds/preview,tlgc_envC_initD_user4.avi,https://drive.google.com/file/d/16yuUMV5n0yR-woSEi35ndbbTya9vDQWN/preview,clfdm_envC_initB_user5.avi
https://drive.google.com/file/d/1VqryWAbDsw11DOhN6mxGRIhpAZZT5Wfe/preview,tpgmm_envC_initC_user2.avi,https://drive.google.com/file/d/15Nn6jRhEfEGnbxloKwUdHVSfQXipyc2b/preview,tlgc_envC_initB_user4.avi,https://drive.google.com/file/d/1rE31O4FgIE_ItOva1ZDg2-B-Eqeq5_EK/preview,promp_envC_initC_user2_g.avi, https://drive.google.com/file/d/1jksGZkj_6SnxtnoKFXZIhjxN5vXqQrQ4/preview,promp_envC_initD_user4.avi,https://drive.google.com/file/d/167n7jI9TyWX3mYxlKaTfpwUUZT541QIN/preview,tlgc_envC_initA_user2.avi
https://drive.google.com/file/d/1OSEXvDDvZ5d3kCiQ_dbGFKu1kMWOuIWf/preview,promp_envC_initD_user10.avi,https://drive.google.com/file/d/18lbZniidz_xYF_ax8jDet5yQdEZJ6O1P/preview,tlgc_envC_initA_user4.avi,https://drive.google.com/file/d/1H4-ad6w7jc2fKNoNmW0lAN0YxTUhvNJK/preview,clfdm_envC_initA_user2_g.avi, https://drive.google.com/file/d/1JWCOeHkWejl6gKDLmAGm2PDpepD-wX6_/preview,promp_envC_initB_user2.avi,https://drive.google.com/file/d/1s9monaxad9MYhrBc5kmVdbHNkqV_CuXZ/preview,tpgmm_envC_initA_user9.avi
https://drive.google.com/file/d/1sx3bqGz7TudP9xoVb8LTB66cgJTSHUqv/preview,promp_envC_initC_user1.avi,https://drive.google.com/file/d/1Ur6UxaLJvk-GBLrNk530ETDsPnPqiAOg/preview,promp_envC_initB_user6.avi,https://drive.google.com/file/d/18UOQDE1_bAvHwrnzsvemPvKdTYsJfc0G/preview,tpgmm_envC_initB_user2_g.avi, https://drive.google.com/file/d/1m8iPsb_o_j9trgDD921liUuUEehv77m3/preview,promp_envC_initA_user1.avi,https://drive.google.com/file/d/1Hb7JDotTApd8c93mWvqQML40UGeI-wNg/preview,tlgc_envC_initD_user1.avi
https://drive.google.com/file/d/1HYmasSFQpgDu2gNkuN2nDqSUzX9ghmaR/preview,tlgc_envC_initD_user2.avi,https://drive.google.com/file/d/1FY3Smbu4l1V0h3UvJF37MEAzPqmw_qkI/preview,tpgmm_envC_initD_user6.avi,https://drive.google.com/file/d/18UOQDE1_bAvHwrnzsvemPvKdTYsJfc0G/preview,tpgmm_envC_initB_user2_g.avi, https://drive.google.com/file/d/1_kjqKpQAV63EvzmG3HrpBEz48H1I_N2h/preview,promp_envC_initB_user9.avi,https://drive.google.com/file/d/1tGOPS57A5cQCCKm2-KbDfJ8IwV8AQBMu/preview,tlgc_envC_initB_user10.avi
https://drive.google.com/file/d/1UOjWpjUYUp3gGWqK5UbmexCDCDuMvKDp/preview,promp_envC_initB_user10.avi,https://drive.google.com/file/d/1r4gE6Txe4lw7zWrt0pIShk3tL58dhNex/preview,tpgmm_envC_initD_user7.avi,https://drive.google.com/file/d/18UOQDE1_bAvHwrnzsvemPvKdTYsJfc0G/preview,tpgmm_envC_initB_user2_g.avi, https://drive.google.com/file/d/1Uaj5lSnyjT_GRohx3PYQX8kUHgpu1r-2/preview,tpgmm_envC_initA_user5.avi,https://drive.google.com/file/d/1F_dKTHxrcU4rUm4Nromx7WkJMO1sQ_vU/preview,promp_envC_initD_user5.avi
https://drive.google.com/file/d/1UOjWpjUYUp3gGWqK5UbmexCDCDuMvKDp/preview,promp_envC_initB_user10.avi,https://drive.google.com/file/d/1r4gE6Txe4lw7zWrt0pIShk3tL58dhNex/preview,tpgmm_envC_initD_user7.avi,https://drive.google.com/file/d/1rE31O4FgIE_ItOva1ZDg2-B-Eqeq5_EK/preview,promp_envC_initC_user2_g.avi, https://drive.google.com/file/d/1Uaj5lSnyjT_GRohx3PYQX8kUHgpu1r-2/preview,tpgmm_envC_initA_user5.avi,https://drive.google.com/file/d/1F_dKTHxrcU4rUm4Nromx7WkJMO1sQ_vU/preview,promp_envC_initD_user5.avi
https://drive.google.com/file/d/1UOjWpjUYUp3gGWqK5UbmexCDCDuMvKDp/preview,promp_envC_initB_user10.avi,https://drive.google.com/file/d/1r4gE6Txe4lw7zWrt0pIShk3tL58dhNex/preview,tpgmm_envC_initD_user7.avi,https://drive.google.com/file/d/1rE31O4FgIE_ItOva1ZDg2-B-Eqeq5_EK/preview,promp_envC_initC_user2_g.avi, https://drive.google.com/file/d/1Uaj5lSnyjT_GRohx3PYQX8kUHgpu1r-2/preview,tpgmm_envC_initA_user5.avi,https://drive.google.com/file/d/1F_dKTHxrcU4rUm4Nromx7WkJMO1sQ_vU/preview,promp_envC_initD_user5.avi
https://drive.google.com/file/d/1LyzjrOdoyCcUcWHDXXMtlnnPKKq_meDl/preview,clfdm_envC_initD_user4.avi,https://drive.google.com/file/d/1g5GTampuWEBPtQ9oY_J5lTufhPpEpkXe/preview,clfdm_envC_initD_user8.avi,https://drive.google.com/file/d/1rE31O4FgIE_ItOva1ZDg2-B-Eqeq5_EK/preview,promp_envC_initC_user2_g.avi, https://drive.google.com/file/d/1CHQTJtxaFjTSOlFyjMFQWQZGtmoHqMuG/preview,tpgmm_envC_initA_user6.avi,https://drive.google.com/file/d/1SOxGCJRRRMBxwh8TdNb2DVOrHgKkYv8p/preview,tlgc_envC_initC_user4.avi
https://drive.google.com/file/d/1SyTgb357nCrGyzoSmwbjOGUdztoMNAXT/preview,clfdm_envC_initB_user8.avi,https://drive.google.com/file/d/1q-s2wKhq2dO7E5l0jrIpM-jlVUlZhfQZ/preview,promp_envC_initA_user5.avi,https://drive.google.com/file/d/1rE31O4FgIE_ItOva1ZDg2-B-Eqeq5_EK/preview,promp_envC_initC_user2_g.avi, https://drive.google.com/file/d/1e3nuUh8WX1KAbFi9AeKESa-9_mOOGorQ/preview,tlgc_envC_initB_user6.avi,https://drive.google.com/file/d/1dv6mBKlZF6deRn2qgAqYnvkfSMpiA-iz/preview,tpgmm_envC_initC_user7.avi
https://drive.google.com/file/d/12z5cSLE4ZYzxVKQLMkl2RUt0Wz09gTp7/preview,tpgmm_envC_initA_user10.avi,https://drive.google.com/file/d/1T1cYRl_ZOcPUgoeaFAlFPImB6SexRWFz/preview,tlgc_envC_initA_user1.avi,https://drive.google.com/file/d/1rE31O4FgIE_ItOva1ZDg2-B-Eqeq5_EK/preview,promp_envC_initC_user2_g.avi, https://drive.google.com/file/d/1jyUIXp93XJBYYt9UY1teLDBr1YRs33gt/preview,tlgc_envC_initC_user5.avi,https://drive.google.com/file/d/1tvNg-qSZE8mUXAKjESitEdlLpmhzkB6b/preview,clfdm_envC_initA_user7.avi
https://drive.google.com/file/d/12z5cSLE4ZYzxVKQLMkl2RUt0Wz09gTp7/preview,tpgmm_envC_initA_user10.avi,https://drive.google.com/file/d/1T1cYRl_ZOcPUgoeaFAlFPImB6SexRWFz/preview,tlgc_envC_initA_user1.avi,https://drive.google.com/file/d/1H4-ad6w7jc2fKNoNmW0lAN0YxTUhvNJK/preview,clfdm_envC_initA_user2_g.avi, https://drive.google.com/file/d/1jyUIXp93XJBYYt9UY1teLDBr1YRs33gt/preview,tlgc_envC_initC_user5.avi,https://drive.google.com/file/d/1tvNg-qSZE8mUXAKjESitEdlLpmhzkB6b/preview,clfdm_envC_initA_user7.avi
https://drive.google.com/file/d/1SgfJmcIT6y3vrgtj3RynRB0RH_-Z_5wA/preview,promp_envC_initC_user9.avi,https://drive.google.com/file/d/1DYUZ2ytcQkj6zkfHDm2nJ4PmZ3Aa03B9/preview,promp_envC_initA_user4.avi,https://drive.google.com/file/d/18UOQDE1_bAvHwrnzsvemPvKdTYsJfc0G/preview,tpgmm_envC_initB_user2_g.avi, https://drive.google.com/file/d/1XYhs5CT6OSiUeJBy4X0Fc1LcRpnL72wN/preview,tpgmm_envC_initD_user10.avi,https://drive.google.com/file/d/1pBjlKUgQFLvvjZcJMtBFZVySvC5Z4G2V/preview,tlgc_envC_initC_user8.avi
https://drive.google.com/file/d/1EVLQ3UTPc1YJ1jZVnNANfJOeMLUbZ53c/preview,promp_envC_initC_user10.avi,https://drive.google.com/file/d/1B1bCJtzeEr8nifdfA_njnIu0x0VWvhsZ/preview,clfdm_envC_initA_user1.avi,https://drive.google.com/file/d/1H4-ad6w7jc2fKNoNmW0lAN0YxTUhvNJK/preview,clfdm_envC_initA_user2_g.avi, https://drive.google.com/file/d/1vXbhui0gaxIrsoFgo7QnxmMnG-QToOPT/preview,clfdm_envC_initD_user1.avi,https://drive.google.com/file/d/16ZwXJY7hhzRaw1m7-oYxOU5TscJneiyj/preview,tpgmm_envC_initC_user6.avi
https://drive.google.com/file/d/1ekHD493W0yiQVMzETkE2h2iDbMfFwmmM/preview,clfdm_envC_initC_user9.avi,https://drive.google.com/file/d/1fXswv72dL1i7Ixumk8uBugj7CX7quoii/preview,tlgc_envC_initC_user6.avi,https://drive.google.com/file/d/1rE31O4FgIE_ItOva1ZDg2-B-Eqeq5_EK/preview,promp_envC_initC_user2_g.avi, https://drive.google.com/file/d/1PazgmVNY_s-_g8fHQU81KLR8gFQnScjf/preview,tpgmm_envC_initC_user10.avi,https://drive.google.com/file/d/1leHN2CKLH4kd7wSuoZOFyvypUwpX_YOV/preview,tpgmm_envC_initB_user1.avi
https://drive.google.com/file/d/173a_YCiRIOsHMmcbcicpIDOVl1aVO40q/preview,clfdm_envC_initA_user2.avi,https://drive.google.com/file/d/1N4l9tKA_lUnItcZYWRsxMCCnWutLCwAk/preview,promp_envC_initA_user10.avi,https://drive.google.com/file/d/1rE31O4FgIE_ItOva1ZDg2-B-Eqeq5_EK/preview,promp_envC_initC_user2_g.avi, https://drive.google.com/file/d/14QvDgaAQxLBykjVMk2sV8jpAFiMzWQHB/preview,promp_envC_initC_user8.avi,https://drive.google.com/file/d/1YASTFRupVCBsTdH2khfLUCUa0PrtWJzi/preview,clfdm_envC_initC_user1.avi
https://drive.google.com/file/d/173a_YCiRIOsHMmcbcicpIDOVl1aVO40q/preview,clfdm_envC_initA_user2.avi,https://drive.google.com/file/d/1N4l9tKA_lUnItcZYWRsxMCCnWutLCwAk/preview,promp_envC_initA_user10.avi,https://drive.google.com/file/d/1rE31O4FgIE_ItOva1ZDg2-B-Eqeq5_EK/preview,promp_envC_initC_user2_g.avi, https://drive.google.com/file/d/14QvDgaAQxLBykjVMk2sV8jpAFiMzWQHB/preview,promp_envC_initC_user8.avi,https://drive.google.com/file/d/1YASTFRupVCBsTdH2khfLUCUa0PrtWJzi/preview,clfdm_envC_initC_user1.avi
https://drive.google.com/file/d/1oewzV8n1msuwmROSJR9futGZl2wIYz4T/preview,promp_envC_initC_user4.avi,https://drive.google.com/file/d/17MEC31HEUgaEj6v3cwlSG5Zt_w8cpgyf/preview,clfdm_envC_initB_user6.avi,https://drive.google.com/file/d/18UOQDE1_bAvHwrnzsvemPvKdTYsJfc0G/preview,tpgmm_envC_initB_user2_g.avi, https://drive.google.com/file/d/1Py3UbHlG24ZYKhzzV8cxprleupMTYSHG/preview,tlgc_envC_initA_user6.avi,https://drive.google.com/file/d/1Q7Xl-I3Dt3-v672U743vnG0jPeRACcHm/preview,promp_envC_initA_user2.avi
https://drive.google.com/file/d/1oewzV8n1msuwmROSJR9futGZl2wIYz4T/preview,promp_envC_initC_user4.avi,https://drive.google.com/file/d/17MEC31HEUgaEj6v3cwlSG5Zt_w8cpgyf/preview,clfdm_envC_initB_user6.avi,https://drive.google.com/file/d/1H4-ad6w7jc2fKNoNmW0lAN0YxTUhvNJK/preview,clfdm_envC_initA_user2_g.avi, https://drive.google.com/file/d/1Py3UbHlG24ZYKhzzV8cxprleupMTYSHG/preview,tlgc_envC_initA_user6.avi,https://drive.google.com/file/d/1Q7Xl-I3Dt3-v672U743vnG0jPeRACcHm/preview,promp_envC_initA_user2.avi
https://drive.google.com/file/d/1-c-VCB_Dee_Thr8n9m4HLmaxppFfl18u/preview,clfdm_envC_initA_user9.avi,https://drive.google.com/file/d/1F6kcLlUla3l3_W4r6VmOLnZ4mdvUvyA9/preview,clfdm_envC_initC_user7.avi,https://drive.google.com/file/d/1rE31O4FgIE_ItOva1ZDg2-B-Eqeq5_EK/preview,promp_envC_initC_user2_g.avi, https://drive.google.com/file/d/1FLi5-C7MLB79h__ZFydV0ZW9TtybdJUo/preview,promp_envC_initD_user1.avi,https://drive.google.com/file/d/1TJeWiy4DR17OMEnxFn2MJKSsdpg-jaWn/preview,tpgmm_envC_initC_user1.avi
https://drive.google.com/file/d/1-c-VCB_Dee_Thr8n9m4HLmaxppFfl18u/preview,clfdm_envC_initA_user9.avi,https://drive.google.com/file/d/1F6kcLlUla3l3_W4r6VmOLnZ4mdvUvyA9/preview,clfdm_envC_initC_user7.avi,https://drive.google.com/file/d/1H4-ad6w7jc2fKNoNmW0lAN0YxTUhvNJK/preview,clfdm_envC_initA_user2_g.avi, https://drive.google.com/file/d/1FLi5-C7MLB79h__ZFydV0ZW9TtybdJUo/preview,promp_envC_initD_user1.avi,https://drive.google.com/file/d/1TJeWiy4DR17OMEnxFn2MJKSsdpg-jaWn/preview,tpgmm_envC_initC_user1.avi
https://drive.google.com/file/d/1-c-VCB_Dee_Thr8n9m4HLmaxppFfl18u/preview,clfdm_envC_initA_user9.avi,https://drive.google.com/file/d/1F6kcLlUla3l3_W4r6VmOLnZ4mdvUvyA9/preview,clfdm_envC_initC_user7.avi,https://drive.google.com/file/d/1rE31O4FgIE_ItOva1ZDg2-B-Eqeq5_EK/preview,promp_envC_initC_user2_g.avi, https://drive.google.com/file/d/1FLi5-C7MLB79h__ZFydV0ZW9TtybdJUo/preview,promp_envC_initD_user1.avi,https://drive.google.com/file/d/1TJeWiy4DR17OMEnxFn2MJKSsdpg-jaWn/preview,tpgmm_envC_initC_user1.avi
https://drive.google.com/file/d/1Q5uNTLgddUdAHndWmSmzBN5O3dDk6h75/preview,clfdm_envC_initD_user9.avi,https://drive.google.com/file/d/1l_Gb2W0Hc50nBpEv720mvaDZ1wf21goS/preview,tlgc_envC_initB_user9.avi,https://drive.google.com/file/d/18UOQDE1_bAvHwrnzsvemPvKdTYsJfc0G/preview,tpgmm_envC_initB_user2_g.avi, https://drive.google.com/file/d/1LO8lsUrUHaXL7gCJL_g0-Oe2oRnds0xo/preview,tpgmm_envC_initB_user4.avi,https://drive.google.com/file/d/10i_RUf5NGl31qlp5R_6WSWRTsW7n2Tu7/preview,clfdm_envC_initB_user10.avi
https://drive.google.com/file/d/1Q5uNTLgddUdAHndWmSmzBN5O3dDk6h75/preview,clfdm_envC_initD_user9.avi,https://drive.google.com/file/d/1l_Gb2W0Hc50nBpEv720mvaDZ1wf21goS/preview,tlgc_envC_initB_user9.avi,https://drive.google.com/file/d/18UOQDE1_bAvHwrnzsvemPvKdTYsJfc0G/preview,tpgmm_envC_initB_user2_g.avi, https://drive.google.com/file/d/1LO8lsUrUHaXL7gCJL_g0-Oe2oRnds0xo/preview,tpgmm_envC_initB_user4.avi,https://drive.google.com/file/d/10i_RUf5NGl31qlp5R_6WSWRTsW7n2Tu7/preview,clfdm_envC_initB_user10.avi
https://drive.google.com/file/d/18cQIJi0ClVhuGp74vkSzh0vHYKx6lxTE/preview,tpgmm_envC_initB_user9.avi,https://drive.google.com/file/d/1eJ1uJV4Z6FGAsowZoCHj2aT2M6RaMeEu/preview,tlgc_envC_initD_user9.avi,https://drive.google.com/file/d/1rE31O4FgIE_ItOva1ZDg2-B-Eqeq5_EK/preview,promp_envC_initC_user2_g.avi, https://drive.google.com/file/d/1LA0gZhWNEGrF4YdaMK1mbigIoxx-oTkM/preview,tlgc_envC_initB_user5.avi,https://drive.google.com/file/d/1YNXNaWZCNlFj5TjXgIJ9a4v5sgleuf0H/preview,tpgmm_envC_initA_user2.avi
https://drive.google.com/file/d/18cQIJi0ClVhuGp74vkSzh0vHYKx6lxTE/preview,tpgmm_envC_initB_user9.avi,https://drive.google.com/file/d/1eJ1uJV4Z6FGAsowZoCHj2aT2M6RaMeEu/preview,tlgc_envC_initD_user9.avi,https://drive.google.com/file/d/18UOQDE1_bAvHwrnzsvemPvKdTYsJfc0G/preview,tpgmm_envC_initB_user2_g.avi, https://drive.google.com/file/d/1LA0gZhWNEGrF4YdaMK1mbigIoxx-oTkM/preview,tlgc_envC_initB_user5.avi,https://drive.google.com/file/d/1YNXNaWZCNlFj5TjXgIJ9a4v5sgleuf0H/preview,tpgmm_envC_initA_user2.avi
https://drive.google.com/file/d/1lrBghTWNok86uvW3CVj_R0I4257eaZCM/preview,promp_envC_initA_user7.avi,https://drive.google.com/file/d/1dn-BYuMmypd3dDr-mRklUT8Kgmv0_mCu/preview,tpgmm_envC_initB_user7.avi,https://drive.google.com/file/d/1H4-ad6w7jc2fKNoNmW0lAN0YxTUhvNJK/preview,clfdm_envC_initA_user2_g.avi, https://drive.google.com/file/d/16awFJmiTDJwzwYwUk-ZxxjMY7sonw0dP/preview,tpgmm_envC_initA_user4.avi,https://drive.google.com/file/d/1BgNcst6aUjskXaepXMcG8_X06kQ24AOB/preview,tpgmm_envC_initB_user2.avi
https://drive.google.com/file/d/134b94_UNeq8-5r3fWA9Gct02EDDFTTus/preview,tlgc_envC_initC_user10.avi,https://drive.google.com/file/d/17P-RDLAB4spo7DCRcaQeGOUZRFr6SX7N/preview,tpgmm_envC_initC_user4.avi,https://drive.google.com/file/d/1rE31O4FgIE_ItOva1ZDg2-B-Eqeq5_EK/preview,promp_envC_initC_user2_g.avi, https://drive.google.com/file/d/13Bv4aEd6RWvWwyus1eTyDI82J1xFgGCG/preview,clfdm_envC_initC_user8.avi,https://drive.google.com/file/d/1JM6c8aK4B6wNpOTMHaphvITL2TBx5u0n/preview,tlgc_envC_initC_user7.avi
https://drive.google.com/file/d/1zzUR9tCdbQQsgeNd8lAoCp-lfZqDNTxh/preview,clfdm_envC_initC_user2.avi,https://drive.google.com/file/d/12g6PIe6kD-J1exXLqm3L3sCJokHyI3wz/preview,tpgmm_envC_initD_user8.avi,https://drive.google.com/file/d/18UOQDE1_bAvHwrnzsvemPvKdTYsJfc0G/preview,tpgmm_envC_initB_user2_g.avi, https://drive.google.com/file/d/1ANYaqspyomnVUHEm3b-MGPMm8iKc8Vqd/preview,tpgmm_envC_initD_user9.avi,https://drive.google.com/file/d/1ze9myeZznwOhtarYayjs6nYnNFpi7Azp/preview,tpgmm_envC_initA_user7.avi
https://drive.google.com/file/d/1ge0qN42Fh_LNfVU4g3njfVo3dYOCVPw0/preview,clfdm_envC_initC_user4.avi,https://drive.google.com/file/d/1KMlAWcPBz92otFGyg-k0beisSPTYjlAd/preview,tpgmm_envC_initA_user1.avi,https://drive.google.com/file/d/1rE31O4FgIE_ItOva1ZDg2-B-Eqeq5_EK/preview,promp_envC_initC_user2_g.avi, https://drive.google.com/file/d/1RGSzjTCeiKDxB_w5x7P0k8HkEN48tgKy/preview,promp_envC_initC_user2.avi,https://drive.google.com/file/d/13DIoGcIQYsPWoE5ujkptWcXCvYVfOQmB/preview,tlgc_envC_initA_user9.avi
https://drive.google.com/file/d/1ge0qN42Fh_LNfVU4g3njfVo3dYOCVPw0/preview,clfdm_envC_initC_user4.avi,https://drive.google.com/file/d/1KMlAWcPBz92otFGyg-k0beisSPTYjlAd/preview,tpgmm_envC_initA_user1.avi,https://drive.google.com/file/d/1H4-ad6w7jc2fKNoNmW0lAN0YxTUhvNJK/preview,clfdm_envC_initA_user2_g.avi, https://drive.google.com/file/d/1RGSzjTCeiKDxB_w5x7P0k8HkEN48tgKy/preview,promp_envC_initC_user2.avi,https://drive.google.com/file/d/13DIoGcIQYsPWoE5ujkptWcXCvYVfOQmB/preview,tlgc_envC_initA_user9.avi
https://drive.google.com/file/d/1VqryWAbDsw11DOhN6mxGRIhpAZZT5Wfe/preview,tpgmm_envC_initC_user2.avi,https://drive.google.com/file/d/15Nn6jRhEfEGnbxloKwUdHVSfQXipyc2b/preview,tlgc_envC_initB_user4.avi,https://drive.google.com/file/d/1rE31O4FgIE_ItOva1ZDg2-B-Eqeq5_EK/preview,promp_envC_initC_user2_g.avi, https://drive.google.com/file/d/1jksGZkj_6SnxtnoKFXZIhjxN5vXqQrQ4/preview,promp_envC_initD_user4.avi,https://drive.google.com/file/d/167n7jI9TyWX3mYxlKaTfpwUUZT541QIN/preview,tlgc_envC_initA_user2.avi
https://drive.google.com/file/d/13osqjZSDR6az1hctuzuPWvGyF-GbYc_c/preview,clfdm_envC_initB_user9.avi,https://drive.google.com/file/d/1xz8p1P0MzdThCcoVOH81Od16aiSB9HuJ/preview,tlgc_envC_initD_user7.avi,https://drive.google.com/file/d/1H4-ad6w7jc2fKNoNmW0lAN0YxTUhvNJK/preview,clfdm_envC_initA_user2_g.avi, https://drive.google.com/file/d/1fypirYlSF-ebolL_SrqW7APjNWAnAgM_/preview,clfdm_envC_initD_user5.avi,https://drive.google.com/file/d/1eG2FThznUPCfF0kDuTkIG6FbJ4tYhUKu/preview,tlgc_envC_initA_user7.avi
https://drive.google.com/file/d/1iy9kCW7UauI2Kqy9hzlVOCYd1RpdCFrA/preview,tlgc_envC_initD_user10.avi,https://drive.google.com/file/d/1hZyPFAiUcditqKPLTWGwL4z-Bnl9vjIc/preview,clfdm_envC_initB_user7.avi,https://drive.google.com/file/d/1rE31O4FgIE_ItOva1ZDg2-B-Eqeq5_EK/preview,promp_envC_initC_user2_g.avi, https://drive.google.com/file/d/1Sg1DQ5N3sXEUwHFFwYLa5CFSCHMbGbeP/preview,tlgc_envC_initB_user1.avi,https://drive.google.com/file/d/1XwQIb8y52C0ta_CvU0GrtboiqCymta1i/preview,clfdm_envC_initA_user8.avi
https://drive.google.com/file/d/1cRbfZS65wqGf6LJA3jyjMX_tu-FtWf1x/preview,tpgmm_envC_initC_user9.avi,https://drive.google.com/file/d/1BNB-rrRJwnhi98xtpvetgXpbbIx35iSh/preview,clfdm_envC_initD_user6.avi,https://drive.google.com/file/d/1rE31O4FgIE_ItOva1ZDg2-B-Eqeq5_EK/preview,promp_envC_initC_user2_g.avi, https://drive.google.com/file/d/13yWjVWQ0REa25gAyk8TmReOn7QO7KOXU/preview,clfdm_envC_initC_user10.avi,https://drive.google.com/file/d/14YdrQM54YG-P12jbLVzZSgu5gy14P3u8/preview,tlgc_envC_initD_user5.avi
https://drive.google.com/file/d/19oCC1vMGLTHVTg7RFZstl8HwfqebYYGO/preview,promp_envC_initD_user9.avi,https://drive.google.com/file/d/1Cd1VzuCHv3pk8BlPgUGtcIrtR05clJMH/preview,promp_envC_initC_user5.avi,https://drive.google.com/file/d/1rE31O4FgIE_ItOva1ZDg2-B-Eqeq5_EK/preview,promp_envC_initC_user2_g.avi, https://drive.google.com/file/d/17qeLf4JYCWz9Z3DYMFG7nhymqOajyErh/preview,clfdm_envC_initA_user10.avi,https://drive.google.com/file/d/1Ri1pthwtnZO2NZ_PaaaHbd0fYz1TVM52/preview,tpgmm_envC_initD_user1.avi
https://drive.google.com/file/d/1pHHUFyjfQV7DDINXqiNjQ44xJ1mNlWkA/preview,promp_envC_initA_user9.avi,https://drive.google.com/file/d/1OI2wtKPQAzy6HGPn5XkWsGXQPuqjkI2R/preview,tlgc_envC_initC_user1.avi,https://drive.google.com/file/d/1rE31O4FgIE_ItOva1ZDg2-B-Eqeq5_EK/preview,promp_envC_initC_user2_g.avi, https://drive.google.com/file/d/1xyIBDyMPywTE_WZr5jflIyD0DUDkwyQP/preview,clfdm_envC_initA_user6.avi,https://drive.google.com/file/d/1hHPIsaL39ttdXwYTI0uAuX4IRBTYoul7/preview,tpgmm_envC_initD_user5.avi
https://drive.google.com/file/d/11iS9AcVU-A048KM-eC8aU4tEM-2f3s7Y/preview,tlgc_envC_initA_user5.avi,https://drive.google.com/file/d/1IzKzYr8vxlCs9lcIrWtTsjTYaYN4tF0n/preview,tpgmm_envC_initB_user5.avi,https://drive.google.com/file/d/1H4-ad6w7jc2fKNoNmW0lAN0YxTUhvNJK/preview,clfdm_envC_initA_user2_g.avi, https://drive.google.com/file/d/1c_Wz38aCSGdOafGxWRvWWo0yEOudENX1/preview,promp_envC_initB_user7.avi,https://drive.google.com/file/d/1tANvouq_KYdbOue-6pfSTstTjAZWnp2b/preview,tpgmm_envC_initB_user10.avi
https://drive.google.com/file/d/1zzUR9tCdbQQsgeNd8lAoCp-lfZqDNTxh/preview,clfdm_envC_initC_user2.avi,https://drive.google.com/file/d/12g6PIe6kD-J1exXLqm3L3sCJokHyI3wz/preview,tpgmm_envC_initD_user8.avi,https://drive.google.com/file/d/1H4-ad6w7jc2fKNoNmW0lAN0YxTUhvNJK/preview,clfdm_envC_initA_user2_g.avi, https://drive.google.com/file/d/1ANYaqspyomnVUHEm3b-MGPMm8iKc8Vqd/preview,tpgmm_envC_initD_user9.avi,https://drive.google.com/file/d/1ze9myeZznwOhtarYayjs6nYnNFpi7Azp/preview,tpgmm_envC_initA_user7.avi
https://drive.google.com/file/d/1ge0qN42Fh_LNfVU4g3njfVo3dYOCVPw0/preview,clfdm_envC_initC_user4.avi,https://drive.google.com/file/d/1KMlAWcPBz92otFGyg-k0beisSPTYjlAd/preview,tpgmm_envC_initA_user1.avi,https://drive.google.com/file/d/1rE31O4FgIE_ItOva1ZDg2-B-Eqeq5_EK/preview,promp_envC_initC_user2_g.avi, https://drive.google.com/file/d/1RGSzjTCeiKDxB_w5x7P0k8HkEN48tgKy/preview,promp_envC_initC_user2.avi,https://drive.google.com/file/d/13DIoGcIQYsPWoE5ujkptWcXCvYVfOQmB/preview,tlgc_envC_initA_user9.avi
